Genre,count,mean,std,min,25%,50%,75%,max,range
Action,28.0,22.986114250467534,10.360507804672968,10.607389014896,15.9190731200135,21.2792947184515,27.567475922884,53.559550464433,42.952161449537
Adventure,28.0,25.108513119445515,6.173308448402463,8.4415069338042,21.783205599419503,25.894862736244,29.091405665866002,37.364677887959,28.9231709541548
Comedy,28.0,14.215903126984557,5.221662369093,3.7355022226123,12.26089874758725,14.712423378095501,18.498503837975502,23.294811658478,19.5593094358657
Drama,28.0,14.290544245547737,4.45804755362286,5.0455927658181,11.865676462182499,13.8872308067645,15.98671970008875,27.673454882143,22.627862116324902
Horror,28.0,6.207262953363004,2.549410237232328,2.6879783192919,4.505369199563376,5.48761243688385,8.216214945517125,12.940684269997,10.2527059507051
Romantic_Comedy,28.0,4.5797111956942524,3.137727158402386,0.030093380082708,1.739392592099025,4.75830847700895,7.3184003547364,11.907661939584,11.877568559501293
Thriller_Suspense,28.0,7.536746272173967,2.7588857392451955,3.1162611705317,5.436915649017825,8.1475318840991,9.7565781882797,13.030890078125,9.914628907593299
